Product,Price,Total Discount,Rating,Total Ratings
Sunsilk Shampoo Onion & Jojoba Oil - 380ML,Rs.620,-22%,0,0 Ratings
Nido School Age Nutrition Promo Pack 990g,"Rs.2,115",-10%,5.0,12 Ratings
Teflon Iron Cover Protector Ironing Accessories Iron Plate Cover - Protects Fabrics Silk Cloth Garment Iron Soles Ironing Aid Board for Cloth Ironing,Rs.495,-50%,4.9,14 Ratings
TWS Pro6 Earphone Bluetooth Headphones with Mic 9D Stereo Pro 6 Earbuds for Xiaomi Samsung Android Wireless Bluetooth Headset,Rs.628,-79%,0,0 Ratings
"P9 Wireless Bluetooth Headphones with Mic – Hi-Fi Sound, Noise Cancelling, Foldable Over-Ear – Best for Music, Gaming, Calls – Long Battery – Compatible with Android, iPhone – Best Wireless Headphones",Rs.931,-81%,0,0 Ratings
Air Humidifier - Diffuser for Air Freshener / Aromatherapy - USB Desktop Fogger - Mist Maker Sprayer with Led Colorful Light - Silent Portable Humidifier for Room / Car / Offices / Double Nozzle Humidifier / Mini Humidifier,Rs.460,-77%,4.7,131 Ratings
Wireless Neckband Bluetooth 5.0 Headphone Wireless Headset With Heavy Bass Stereo Earphones High Quality Magnetic Attraction Intelligent Noise Reduction Cancelling Sports Headset ZF Tech,Rs.399,-73%,4.9,29 Ratings
4 in 1 R1S Wireless Selfie Stick Tripod & Selfie Stick With Bluetooth Shutter 70CM / 110CM / 165CM With Light and Without Light Vlogging Stand Tiktok stand Traveling selfie Light Selfie Stick & Tripod  foldable Selfie stick for all Phone Extendable stand,Rs.367,-69%,4.5,136 Ratings
"Fast Nail Fungal Treatment & Repair Serum – Anti-Fungal Nail Care Gel for Onychomycosis, Paronychia, Cracked, Discolored & Damaged Toenails – Nail Fungus Removal Solution for Hands & Feet – Herbal Essence Nail Repair Oil",Rs.164,-45%,4.8,61 Ratings
"Folding Laptop Table Leg Brackets repair Durable reading bed table leg lock, Study table joints, hooks",Rs.35,-88%,4.8,11 Ratings
Original Air31 Air pro Air buds Wireless Earbuds Bluetooth Airpods Earphone Transparent HIFI Headphones LED 3500 MAH Power Digital Display Stereo Sound Earphones,Rs.574,-28%,4.1,850 Ratings
Haya Beauty Cream by Rabi Pirzada – Advanced Whitening & Glowing Skin Formula for Men & Women – 30g,Rs.350,-85%,5.0,2 Ratings
"Arm Sleeves For Men Sun,UV Protection Cooling Sun Sleeves for Men’s and Women's | Arm Sleeve |  arm sleeves for girls |MO-011",Rs.142,-69%,4.4,1631 Ratings
Avenues Of Choice Acrylic Golden Umrah Saving Wooden Box I Umrah Saving Box I Saving Box I Wooden Money Box I Money Saving Box I Gift Box I Money Box I Umrah Box I Umrah Money Saving Box I Umrah Money Box I Umrah Saving Box I Umrah,Rs.268,-87%,5.0,32 Ratings
Bike Cover Water Proof full Size Motorcycle Motorbike 70cc -125cc Bike Cover Parachute Top Parking Cover with free pouch for cover,Rs.535,-46%,4.6,38 Ratings
Best 3 IN 1 Wireless Selfie Stick R1 (WITHOUT LIGHT) R1S (WITH LIGHT) Tripod Stand and Bluetooth Shutter for Tiktok youtube Vlogging Photography Traveling,Rs.405,-70%,4.6,315 Ratings
Pain Relief Bunion Toe Corrector Orthotics Straightener Separator Hallux Valgus Corrector Toe Protector /Toe Corrector & Separator | For Alignment of Big Toe 1 pcs,Rs.458,-62%,4.8,83 Ratings
Glamour Glow 24k Gold Ultra Whitening Facial Kit,"Rs.1,258",-37%,4.7,15 Ratings
N35 Gaming Headsets Low Latency Earphone True Wireless Stereo (5.2V) Headphone Earbuds With Mic audiophonos gamer,"Rs.1,235",-56%,4.5,207 Ratings
New trendy fired printed black & white premium quality tracksuit for men and boys / Tracksuit for men & boys with shorts or tracksuit for men & boys with trousers,Rs.686,-54%,0,0 Ratings
Sunsilk Shampoo Onion & Jojoba Oil - 380ML,Rs.620,-22%,4.8,87 Ratings
Nido School Age Nutrition Promo Pack 990g,"Rs.2,115",-10%,5.0,12 Ratings
Teflon Iron Cover Protector Ironing Accessories Iron Plate Cover - Protects Fabrics Silk Cloth Garment Iron Soles Ironing Aid Board for Cloth Ironing,Rs.495,-50%,4.9,14 Ratings
TWS Pro6 Earphone Bluetooth Headphones with Mic 9D Stereo Pro 6 Earbuds for Xiaomi Samsung Android Wireless Bluetooth Headset,Rs.628,-79%,0,0 Ratings
"P9 Wireless Bluetooth Headphones with Mic – Hi-Fi Sound, Noise Cancelling, Foldable Over-Ear – Best for Music, Gaming, Calls – Long Battery – Compatible with Android, iPhone – Best Wireless Headphones",Rs.931,-81%,4.8,101 Ratings
Air Humidifier - Diffuser for Air Freshener / Aromatherapy - USB Desktop Fogger - Mist Maker Sprayer with Led Colorful Light - Silent Portable Humidifier for Room / Car / Offices / Double Nozzle Humidifier / Mini Humidifier,Rs.460,-77%,4.7,131 Ratings
Wireless Neckband Bluetooth 5.0 Headphone Wireless Headset With Heavy Bass Stereo Earphones High Quality Magnetic Attraction Intelligent Noise Reduction Cancelling Sports Headset ZF Tech,Rs.399,-73%,4.9,29 Ratings
4 in 1 R1S Wireless Selfie Stick Tripod & Selfie Stick With Bluetooth Shutter 70CM / 110CM / 165CM With Light and Without Light Vlogging Stand Tiktok stand Traveling selfie Light Selfie Stick & Tripod  foldable Selfie stick for all Phone Extendable stand,Rs.367,-69%,4.5,136 Ratings
"Fast Nail Fungal Treatment & Repair Serum – Anti-Fungal Nail Care Gel for Onychomycosis, Paronychia, Cracked, Discolored & Damaged Toenails – Nail Fungus Removal Solution for Hands & Feet – Herbal Essence Nail Repair Oil",Rs.164,-45%,4.8,61 Ratings
"Folding Laptop Table Leg Brackets repair Durable reading bed table leg lock, Study table joints, hooks",Rs.35,-88%,4.8,11 Ratings
Original Air31 Air pro Air buds Wireless Earbuds Bluetooth Airpods Earphone Transparent HIFI Headphones LED 3500 MAH Power Digital Display Stereo Sound Earphones,Rs.574,-28%,4.1,850 Ratings
Haya Beauty Cream by Rabi Pirzada – Advanced Whitening & Glowing Skin Formula for Men & Women – 30g,Rs.350,-85%,0,0 Ratings
"Arm Sleeves For Men Sun,UV Protection Cooling Sun Sleeves for Men’s and Women's | Arm Sleeve |  arm sleeves for girls |MO-011",Rs.142,-69%,4.4,1631 Ratings
Avenues Of Choice Acrylic Golden Umrah Saving Wooden Box I Umrah Saving Box I Saving Box I Wooden Money Box I Money Saving Box I Gift Box I Money Box I Umrah Box I Umrah Money Saving Box I Umrah Money Box I Umrah Saving Box I Umrah,Rs.268,-87%,5.0,32 Ratings
Bike Cover Water Proof full Size Motorcycle Motorbike 70cc -125cc Bike Cover Parachute Top Parking Cover with free pouch for cover,Rs.535,-46%,4.6,38 Ratings
Best 3 IN 1 Wireless Selfie Stick R1 (WITHOUT LIGHT) R1S (WITH LIGHT) Tripod Stand and Bluetooth Shutter for Tiktok youtube Vlogging Photography Traveling,Rs.405,-70%,4.6,315 Ratings
Pain Relief Bunion Toe Corrector Orthotics Straightener Separator Hallux Valgus Corrector Toe Protector /Toe Corrector & Separator | For Alignment of Big Toe 1 pcs,Rs.458,-62%,4.8,83 Ratings
Glamour Glow 24k Gold Ultra Whitening Facial Kit,"Rs.1,258",-37%,4.7,15 Ratings
N35 Gaming Headsets Low Latency Earphone True Wireless Stereo (5.2V) Headphone Earbuds With Mic audiophonos gamer,"Rs.1,235",-56%,4.5,207 Ratings
New trendy fired printed black & white premium quality tracksuit for men and boys / Tracksuit for men & boys with shorts or tracksuit for men & boys with trousers,Rs.686,-54%,4.5,595 Ratings
Mala Part 2/Mala 2/ By Nimra Ahmed Pakistans Best selling Novel,"Rs.1,285",-63%,4.6,14 Ratings
TDS3/TEMP/PPM LCD Digital TDS Meter Tester Filter Pen Water Quality Purity Tester,Rs.500,-69%,4.6,1257 Ratings
"Tiny N20 Motor with Premium Metal Gears – DC 3V-12V, High Torque, Low Noise – Price in Pakistan",Rs.154,-38%,5.0,10 Ratings
Child Baby Safety Locks Drawer Cabinets Door Fridge Safe Safety Locks Kits Fridge Locks Furniture Blockers Doors Baby Safety Lock Security Toddler Safety,Rs.74,-17%,4.3,1766 Ratings
AirPods Pro  Air Pro 2nd Gen TWS (True Wireless Stereo) Bluetooth Earbuds Dual Earphones Headset Airbuds (Connect With All Bluetooth Devices).,Rs.867,-78%,4.1,6268 Ratings
GoodCare Natural Pants Size 6 (15+kg) 56 pcs Mega Pack,"Rs.2,194",-9%,4.8,184 Ratings
Manual Water Bottle  Pump Drinking Water Pump Water Dispenser Hand Press Pump  For 19 Liter Cans,Rs.315,-61%,4.9,29 Ratings
Handbags Elevate Your Style with Trendsetting Handbags for Girls  Women Shoulder Bag And Cross Body Beautiful Canvas Designer Clutch Bags For Girls customize bags,Rs.326,-46%,4.0,8 Ratings
PRO6 Wireless Bluetooth Headset 5.3 Bluetooth Protocol Earplug Type Strong Endurance Gaming Competitive Headphones TWS Running,Rs.739,-75%,4.4,57 Ratings
Moroccan Blue Nila Skin Whitening Powder  –Your Ultimate Skin Brightening & Soothing Remedy | 100% Natural & Organic,Rs.539,-64%,5.0,13 Ratings
Eldorado Trending TikTok Korean Style Sun Glasses|Women Classic Rectangle Retro Square Leopard Print Sunglasses / Men Fashion Rectangular Sun Glasses,Rs.184,-82%,No rating,No count
"Ultimate Collection of Stylish Ladies Handbags With Long Shoulders & Stylish Designs Ladies Hand Bags for Girls, Casual Women PU Leather_ Bag Stylish Hand Bag For Girls, Fashionable Large Capacity Crossbody & Shoulder Bags, Women Purse Handbag",Rs.379,-71%,5.0,4 Ratings
Bike Cover 100% Water Proof Universal 70 and 125 Scratch & Rust Proof Cover Multicoloured,Rs.490,-2%,4.3,507 Ratings
Jewelry Making Accessories jewellery components,Rs.2,-82%,4.9,77 Ratings
Meclay London Long & Healthy Shampoo 660ML,Rs.975,-22%,4.8,2037 Ratings
New trendy fired printed summer tracksuit for men and boys,Rs.683,-62%,4.6,485 Ratings
Air buds/ Bluetooth Earphones Headphones Outdoor Sports Earbuds,Rs.806,-80%,4.3,762 Ratings
10mm Best Quality Yoga Mat for Women and Men,"Rs.1,184",-66%,4.7,523 Ratings
P9 Wireless Bluetooth Headphones With | Mic Noise Cancelling Headsets Stereo Sound Earphones | Sports Gaming Headphones Supports,Rs.989,-60%,4.5,46 Ratings
Meclay London Hair Fall Defense Shampoo 660ml + Conditioner 180ml Pair,"Rs.1,305",-23%,4.7,1808 Ratings
